Name,Surname,Email,Gender,Address,JobTitle,Salary
Nona,Euesden,neuesden0@ebay.com,1,4644 Amoth Place,Chief,15165.19
Tillie,Helling,thelling1@oracle.com,2,44608 Drewry Alley,Commander,17724.06
Neal,Kenen,nkenen2@jimdo.com,1,3179 Lien Junction,Patrol officer,13297.67
Virge,Well,vwell3@discuz.net,2,1 Eliot Way,Detective,10925.88
Gloriane,Challes,gchalles4@nasa.gov,2,6 Dawn Center,FBI agent,18566.74
Herbert,Faint,hfaint5@joomla.org,1,0950 Claremont Park,Detective,12672.96
Marylinda,Lanning,mlanning6@nbcnews.com,1,6 Crownhardt Terrace,Air Marshal,10061.37
Tarah,Belhome,tbelhome7@japanpost.jp,1,5710 New Castle Street,Detective,17768.51
Virgie,Beurich,vbeurich8@tiny.cc,1,00 Beilfuss Hill,Sheriff,13116.47
Tabbitha,Shiell,tshiell9@independent.co.uk,2,06 Cottonwood Alley,FBI agent,11313.46
Roosevelt,O'Cullen,rocullena@google.nl,1,1 Buell Trail,Air Marshal,11854.2
Shurwood,Pringell,springellb@cdbaby.com,2,880 Lunder Place,Air Marshal,19350.16
Aretha,Jiggins,ajigginsc@statcounter.com,1,303 Bluejay Junction,Air Marshal,15255.2
Tasia,Dowty,tdowtyd@hostgator.com,2,7 Dennis Place,Sheriff,13914.14
Eryn,Babalola,ebabalolae@ocn.ne.jp,2,49606 Scott Alley,Detective,16672.7
Francois,Beall,fbeallf@surveymonkey.com,1,198 Londonderry Alley,Air Marshal,13133.15
Kirk,Scandrick,kscandrickg@mlb.com,2,75807 Tennessee Street,Sheriff,18971.76
Garwin,Blackwell,gblackwellh@simplemachines.org,1,6423 Bay Junction,Commander,17619.25
Georgie,Lambarton,glambartoni@sfgate.com,1,663 West Plaza,Air Marshal,16266.24
Rowan,Fulger,rfulgerj@vk.com,1,0158 Dexter Trail,Sheriff,10426.38
